Food,Country,Category,Other Language,Other Language2,Region
Biscuit ,USA,International,,,
Apple butter,USA,International,,,
Apple sauce,USA,International,,,
Baked potato,USA,International,,,
Barbecue ,USA,International,,,
Bear claw,USA,International,,,
Beef Manhattan,USA,International,,,
Blue cheese dressing,USA,International,,,
Brunswick stew,USA,International,,,
Buffalo burger,USA,International,,,
Buffalo wing,USA,International,,,
Bull roast,USA,International,,,
Butter cookie,USA,International,,,
Cheese dog,USA,International,,,
Cheese fries,USA,International,,,
Cheese steak,USA,International,,,
Chicago-style_pizza,USA,International,,,
Chicken à la King,USA,International,,,
Chicken and waffles,USA,International,,,
Chicken Divan,USA,International,,,
Chicken fingers,USA,International,,,
Chicken French,USA,International,,,
Chicken fried bacon,USA,International,,,
Chicken fried steak,USA,International,,,
Chicken nugget,USA,International,,,
Chicken parmigiana,USA,International,,,
Chicken sandwich,USA,International,,,
Chili con carne,USA,International,,,
Chili dog,USA,International,,,
Chimichanga,USA,International,,,
Chowder,USA,International,,,
Clam cake,USA,International,,,
Clam chowder,USA,International,,,
Coleslaw,USA,International,,,
Corn chowder,USA,International,,,
Corn dog,USA,International,,,
Corn flakes,USA,International,,,
Corned beef,USA,International,,,
Cornish game hen,USA,International,,,
Crab cake,USA,International,,,
Creamed corn,USA,International,,,
Deviled crab,USA,International,,,
Doughnut,USA,International,,,
Eggo,USA,International,,,
Fried chicken,USA,International,,,
Fried fish,USA,International,,,
Green bean casserole,USA,International,,,
Grits,USA,International,,,
Hamburger,USA,International,,,
Hangtown fry,USA,International,,,
Haystack,USA,International,,,
Hog fry,USA,International,,,
Home fries,USA,International,,,
Hot chicken sandwich,USA,International,,,
Ice cream cake,USA,International,,,
Juba,USA,International,,,
Lobster Newberg,USA,International,,,
Lobster roll,USA,International,,,
London broil,USA,International,,,
Macaroni and cheese,USA,International,,,
Macaroni salad,USA,International,,,
Maple bacon donut,USA,International,,,
Maraca pie,USA,International,,,
Mashed potato,USA,International,,,
Mashed pumpkin,USA,International,,,
Meatcake,USA,International,,,
Meatloaf,USA,International,,,
Mission burrito,USA,International,,,
Mozzarella sticks,USA,International,,,
Mulligan stew,USA,International,,,
Onion ring,USA,International,,,
Oysters Rockefeller,USA,International,,,
Pancakes,USA,International,,,
Pasta salad,USA,International,,,
Pastrami,USA,International,,,
Philadelphia Cheese steak,USA,International,,,
Pop-Tarts,USA,International,,,
Potato salad,USA,International,,,
Potato skins,USA,International,,,
Potato wedges,USA,International,,,
Potatoes O'Brien,USA,International,,,
Pumpkin pie,USA,International,,,
Reuben sandwich,USA,International,,,
Rolled oyster,USA,International,,,
Salisbury steak,USA,International,,,
Sausage gravy,USA,International,,,
Sloppy joe,USA,International,,,
Sour cream,USA,International,,,
Steamed clams,USA,International,,,
Stuffed ham,USA,International,,,
Stuffed peppers,USA,International,,,
Stuffed zucchini,USA,International,,,
Swiss steak,USA,International,,,
Tetrazzini,USA,International,,,
Toaster Strudel,USA,International,,,
Tuna casserole,USA,International,,,
Turducken,USA,International,,,
Thanksgiving turkey,USA,International,,,
Waffle,USA,International,,,
Chow mein,China,International,炒麵,炒面,
Noodle soup,China,International,湯麵,汤面,
Zhajiangmian,China,International,炸醬麵,炸酱面,
Lamian,China,International,,拉面,
Fried Rice,China,International,炒飯,炒饭,
Braised pork,China,International,東坡肉,东坡肉,
Sweet and sour pork,China,International,咕咾肉,咕咾肉,
Twice cooked pork,China,International,回鍋肉,回锅肉,
Cha siu,China,International,叉燒,叉烧,
Century egg,China,International,皮蛋,皮蛋,
Kung Pao chicken,China,International,宮保雞丁,宫保鸡丁,
Peking Duck,China,International,北京烤鴨,北京烤鸭,
Soy egg,China,International,滷蛋,卤蛋,
Tea egg,China,International,茶葉蛋,茶叶蛋,
Buddha's delight,China,International,羅漢齋,罗汉斋,
Pickled vegetables,China,International,醬菜,酱菜,
Dumplings,China,International,,,
Baozi,China,International,包子,包子,
Dim sum,China,International,點心,点心,
Guotie,China,International,鍋貼,锅贴,
Jiaozi,China,International,餃子,饺子,
Mantou,China,International,饅頭,馒头,
Wonton,China,International,餛飩 / 雲吞,馄饨 / 云吞,
Xiaolongbao,China,International,小籠包,小笼包,
Zongzi,China,International,糭子/粽子,粽子,
Hot pot,China,International,火鍋,火锅,
Dandan noodles,China,International,擔擔麵,担担面,
Fuqi Feipian,China,International,夫妻肺片,夫妻肺片,
Sichuan hotpot,China,International,四川火鍋,四川火锅,
Kung Pao chicken,China,International,宮保雞丁,宫保鸡丁,
Baguette,France,International,Baguette,,
Ficelle,France,International,Ficelle,,
Pain de campagne,France,International,Pain de campagne,,
Croissant,France,International,Croissant,,
A mille-feuille pastry,France,International,A mille-feuille pastry,,
Bûche de Noël,France,International,Bûche de Noël,,
Café liégeois',France,International,Café liégeois',,
Creme brulee,France,International,Creme brulee,,
Croquembouche,France,International,Croquembouche,,
Croustade aux pommes,France,International,Croustade aux pommes,,
Éclair,France,International,Éclair,,
Far Breton,France,International,Far Breton,,
Fraisier,France,International,Fraisier,,
Galette des rois,France,International,Galette des rois,,
Gateau au yaourt,France,International,Gateau au yaourt,,
Macarons,France,International,Macarons,,
Madeline,France,International,Madeline,,
Mille-feuilles,France,International,Mille-feuilles,,
Mousse au chocolat,France,International,Mousse au chocolat,,
Pain au chocolat,France,International,Pain au chocolat,,
Pain perdu,France,International,Pain perdu,,
Quatre-quarts,France,International,Quatre-quarts,,
Saint Honoré,France,International,Saint Honoré,,
Soufflé,France,International,Soufflé,,
Tarte Tatin,France,International,Tarte Tatin,,
Baba au rhum,France,International,Baba au rhum,,
Crepe et fruit,France,International,Crepe et fruit,,
Fuseau lorrain,France,International,Fuseau lorrain,,
Glace Plombières,France,International,Glace Plombières,,
Pâté lorrain,France,International,Pâté lorrain,,
Macarons de Nancy,France,International,Macarons de Nancy,,
Potée Lorraine,France,International,Potée Lorraine,,
Tête de veau,France,International,Tête de veau,,
Tourte,France,International,Tourte,,
Baeckeoffe,France,International,Baeckeoffe,,
Carpe frites,France,International,Carpe frites,,
Presskopf,France,International,Presskopf,,
Spätzle,France,International,Spätzle,,
Tarte à l'oignon,France,International,Tarte à l'oignon,,
Flammekueche,France,International,Flammekueche,,
Tarte Normande ,France,International,Tarte Normande ,,
Teurgoule ,France,International,Teurgoule ,,
Tripes à la mode de Caen ,France,International,Tripes à la mode de Caen ,,
Axoa,France,International,Axoa,,
Confit de canard,France,International,Confit de canard,,
Foie gras,France,International,Foie gras,,
Garbure,France,International,Garbure,,
Magret de canard,France,International,Magret de canard,,
Piperade,France,International,Piperade,,
Farcidure,France,International,Farcidure,,
Flaugnarde,France,International,Flaugnarde,,
Fondu creusois,France,International,Fondu creusois,,
Pâté aux pommes de terre,France,International,Pâté aux pommes de terre,,
Tourtous aux rillettes d'oie,France,International,Tourtous aux rillettes d'oie,,
Crêpes ,France,International,Crêpes ,,
Far Breton ,France,International,Far Breton ,,
Kig ha farz ,France,International,Kig ha farz ,,
Kouign amann ,France,International,Kouign amann ,,
Poulet à la bretonne ,France,International,Poulet à la bretonne ,,
Andouillettes ,France,International,Andouillettes ,,
Rillettes ,France,International,Rillettes ,,
Bœuf bourguignon ,France,International,Bœuf bourguignon ,,
Coq au vin ,France,International,Coq au vin ,,
Escargots de Bourgogne ,France,International,Escargots de Bourgogne ,,
Gougère ,France,International,Gougère ,,
Jambon persillé ,France,International,Jambon persillé ,,
Oeufs en meurette ,France,International,Oeufs en meurette ,,
Pôchouse ,France,International,Pôchouse ,,
Tomme cheese,France,International,Tomme cheese,,
Andouillette ,France,International,Andouillette ,,
Fondue savoyarde ,France,International,Fondue savoyarde ,,
Gratin dauphinois ,France,International,Gratin dauphinois ,,
Quenelle ,France,International,Quenelle ,,
Raclette ,France,International,Raclette ,,
Soupe à l'oignon ,France,International,Soupe à l'oignon ,,
Tartiflette ,France,International,Tartiflette ,,
Gratin de crozets savoyard ,France,International,Gratin de crozets savoyard ,,
Aligot ,France,International,Aligot ,,
Tripoux ,France,International,Tripoux ,,
Pansette de Gerzat ,France,International,Pansette de Gerzat ,,
Salade Aveyronaise ,France,International,Salade Aveyronaise ,,
Truffade ,France,International,Truffade ,,
Fouace ,France,International,Fouace ,,
Flaune ,France,International,Flaune ,,
Farçous ,France,International,Farçous ,,
Soupe au fromage ,France,International,Soupe au fromage ,,
Pascade ,France,International,Pascade ,,
Cassoulet ,France,International,Cassoulet ,,
Bourride ,France,International,Bourride ,,
Brandade de morue ,France,International,Brandade de morue ,,
Cargolade ,France,International,Cargolade ,,
Clapassade ,France,International,Clapassade ,,
Encornets farcis ,France,International,Encornets farcis ,,
Rouille de seiche ,France,International,Rouille de seiche ,,
Trinxat ,France,International,Trinxat ,,
Aïoli ,France,International,Aïoli ,,
Bouillabaisse ,France,International,Bouillabaisse ,,
Calisson ,France,International,Calisson ,,
Chichi ,France,International,Chichi ,,
Daube provençale ,France,International,Daube provençale ,,
Fougasse ,France,International,Fougasse ,,
Gateau des rois ,France,International,Gateau des rois ,,
Gibassier ,France,International,Gibassier ,,
Navette ,France,International,Navette ,,
Oreilette ,France,International,Oreilette ,,
Pan-bagnat ,France,International,Pan-bagnat ,,
Panisses,France,International,Panisses,,
Pieds paquets ,France,International,Pieds paquets ,,
Pissaladière ,France,International,Pissaladière ,,
Pompe à l'huile also called Fouace in Occitan ,France,International,Pompe à l'huile also called Fouace in Occitan ,,
Quince cheese ,France,International,Quince cheese ,,
Ratatouille ,France,International,Ratatouille ,,
Salade Niçoise ,France,International,Salade Niçoise ,,
Socca (unleavened crepe made from chickpea flour,France,International,Socca (unleavened crepe made from chickpea flour,,
Soupe au pistou ,France,International,Soupe au pistou ,,
Tapenade ,France,International,Tapenade ,,
Tarte tropézienne,France,International,Tarte tropézienne,,
Apfelkuchen,Germany,International,Apfelkuchen,,Throughout Germany
Bratkartoffeln,Germany,International,Bratkartoffeln,,Throughout Germany
Bratwurst,Germany,International,Bratwurst,,Throughout Germany
Currywurst,Germany,International,Currywurst,,Berlin
Fischbrötchen,Germany,International,Fischbrötchen,,Northern Germany
Hendl,Germany,International,Hendl,,Austro-Bavarian
Hasenpfeffer,Germany,International,Hasenpfeffer,,
Kartoffelsalat,Germany,International,Kartoffelsalat,,Northern Germany and South Germany
Königsberger Klopse,Germany,International,Königsberger Klopse,,East-Prussian
Kohlroulade,Germany,International,Kohlroulade,,Throughout Germany
Marzipan,Germany,International,Marzipan,,Throughout Germany
Mettbrötchen,Germany,International,Mettbrötchen,,
Pellkartoffeln,Germany,International,Pellkartoffeln,,Throughout Germany
Pfefferpotthast,Germany,International,Pfefferpotthast,,Westphalia
Rouladen,Germany,International,Rouladen,,Throughout Germany
Sauerbraten,Germany,International,Sauerbraten,,Rhineland
Sauerkraut,Germany,International,Sauerkraut,,Throughout Germany
Schweinshaxe,Germany,International,Schweinshaxe,,
Spanferkel,Germany,International,Spanferkel,,Throughout Germany
Speckpfannkuchen,Germany,International,Speckpfannkuchen,,
Spätzle,Germany,International,Spätzle,,Southern Germany
Stollen,Germany,International,Stollen,,Dresden
Weihnachtsgans,Germany,International,Weihnachtsgans,,Throughout Germany
Knödel ,Germany,International,Knödel ,,Throughout Germany
Bedfordshire clanger,UK,International,Bedfordshire clanger,,Bedfordshire
Bangers and mash,UK,International,Bangers and mash,,National[6]
Cobbler,UK,International,Cobbler,,National
Beef Wellington,UK,International,Beef Wellington,,National
Black pudding,UK,International,Black pudding,,National[a]
Bubble and squeak,UK,International,Bubble and squeak,,National[6]
Cauliflower cheese,UK,International,Cauliflower cheese,,National
Cottage pie,UK,International,Cottage pie,,National
Cumberland sausage,UK,International,Cumberland sausage,,Cumberland
Devilled kidneys,UK,International,Devilled kidneys,,National [13][14]
Fish and chips,UK,International,Fish and chips,,National[6][17]
Game pie,UK,International,Game pie,,National
Hog's pudding,UK,International,Hog's pudding,,Devon
Jellied eels,UK,International,Jellied eels,,East End of London
Kippers,UK,International,Kippers,,National
Lancashire hotpot,UK,International,Lancashire hotpot,,Lancashire
Lincolnshire sausage,UK,International,Lincolnshire sausage,,Lincolnshire
Pasty,UK,International,Pasty,,Cornwall
Pease pudding,UK,International,Pease pudding,,National
Pie and mash,UK,International,Pie and mash,,National
Ploughman's lunch,UK,International,Ploughman's lunch,,National
Pork pie,UK,International,Pork pie,,Melton Mowbray
Potted shrimps,UK,International,Potted shrimps,,Lancashire(Morecambe Bay)
Rag pudding,UK,International,Rag pudding,,Lancashire(Oldham)
Stargazy Pie,UK,International,Stargazy Pie,,Cornwall
Steak pies,UK,International,Steak pies,,National
Stottie cake,UK,International,Stottie cake,,North East England
Suet pudding,UK,International,Suet pudding,,National
Sunday roast,UK,International,Sunday roast,,National
Roast lamb with mint sauce,UK,International,Roast lamb with mint sauce,,National
Roast pork with apple sauce,UK,International,Roast pork with apple sauce,,National
Shepherd's pie,UK,International,Shepherd's pie,,
Toad-in-the-hole,UK,International,Toad-in-the-hole,,National[6]
Welsh rarebit,UK,International,Welsh rarebit,,National
Yorkshire pudding,UK,International,Yorkshire pudding,,Yorkshire
Game pie,UK,International,Game pie,,National
Panackelty,UK,International,Panackelty,,North East England
Mince pie,UK,International,Mince pie,,National
Pound cake,UK,International,Pound cake,,National
Saffron cake,UK,International,Saffron cake,,Cornwall
Scones,UK,International,Scones,,National
Sticky toffee pudding,UK,International,Sticky toffee pudding,,National
Summer pudding,UK,International,Summer pudding,,National
Sussex Pond Pudding,UK,International,Sussex Pond Pudding,,
Syllabub,UK,International,Syllabub,,National
Trifle,UK,International,Trifle,,National
Treacle tart,UK,International,Treacle tart,,National
Victoria Sponge Cake,UK,International,Victoria Sponge Cake,,
Butter Chicken,India,International,,,
Chahou kheer,India,International,,,
Baati,India,International,,,
Bhatura,India,International,,,
Bhindi masala,India,International,,,
Biryani,India,International,,,
Pork bharta,India,International,,,
Chaat,India,International,,,
Chana masala,India,International,,,
Chapati,India,International,,,
Chicken razala,India,International,,,
Chicken Tikka,India,International,,,
Chicken Tikka masala,India,International,,,
Chole bhature,India,International,,,
Daal baati churma,India,International,,,
Daal puri,India,International,,,
Dal makhani ,India,International,,,
Dal fara,India,International,,,
Dum aloo,India,International,,,
Poha,India,International,,,
Fara,India,International,,,
Gajar ka halwa,India,International,,,
Gajar matar aloo,India,International,,,
Gobhi matar,India,International,,,
Imarti,India,International,,,
Hari mutter ka nimona ,India,International,,,
Jalebi,India,International,,,
Jaleba,India,International,,,
Kachori,India,International,,,
Kadai paneer,India,International,,,
Kadhi pakoda,India,International,,,
Karela bharta,India,International,,,
Katha meetha petha,India,International,,,
Kheer,India,International,,,
Khichdi,India,International,,,
Kofta,India,International,,,
Kulfi falooda,India,International,,,
Lauki ke kofte,India,International,,,
Lauki ki subji,India,International,,,
Litti chokha,India,International,,,
Misi roti,India,International,,,
Moong dal ka halwa,India,International,,,
Murgh musallam,India,International,,,
Mushroom do pyaza,India,International,,,
Mushroom matar,India,International,,,
Naan Roti,India,International,,,
Navrattan korma,India,International,,,
Pakhala,India,International,,,
Paneer,India,International,,,
Paneer butter masala,India,International,,,
Paneer tikka masala,India,International,,,
Pani puri,India,International,,,
Panjeeri,India,International,,,
Paratha,India,International,,,
Pattor,India,International,,,
Phirni,India,International,,,
Pinni,India,International,,,
Rajma,India,International,,,
Ramatori subji,India,International,,,
Rongi,India,International,,,
Samosa,India,International,,,
Samose,India,International,,,
Sattu ki roti,India,International,,,
Tandoori Chicken,India,International,,,
Tandoori Fish Tikka,India,International,,,
Appam,India,International,,,
Avial,India,International,,,
Bajji,India,International,,,
Biryani,India,International,,,
Bisi bele bath,India,International,,,
Bonda,India,International,,,
Chicken 65,India,International,,,
Currivepillai sadam,India,International,,,
Dosa,India,International,,,
Double ka meetha,India,International,,,
Goli bajje,India,International,,,
Idiappam,India,International,,,
Idli,India,International,,,
Kaara kozhambu,India,International,,,
Keerai kootu,India,International,,,
Keerai masiyal,India,International,,,
Keerai sadam,India,International,,,
Koottu,India,International,,,
Kos kootu,India,International,,,
Kothamali sadam,India,International,,,
Kuzhakkattai,India,International,,,
Kuzhambu,India,International,,,
Masala Dosa,India,International,,,
Olan ,India,International,,,
Papadum,India,International,,,
Pachadi,India,International,,,
Parotta,India,International,,,
Paruppu sadam,India,International,,,
Payasam,India,International,,,
Pongal,India,International,,,
Poriyal,India,International,,,
Puli sadam,India,International,,,
Puttu,India,International,,,
Kanji,India,International,,,
Rasam ,India,International,,,
Sakkara pongal,India,International,,,
Sajjige,India,International,,,
Sambar,India,International,,,
Sandige,India,International,,,
Sevai,India,International,,,
Sevai lunch,India,International,,,
Theeyal,India,International,,,
Thengai sadam,India,International,,,
Uttapam,India,International,,,
Vada,India,International,,,
Varuval,India,International,,,
Keerai poriyal,India,International,,,
Wheat upma,India,International,,,
Koshambri,India,International,,,
Obbattu ,India,International,,,
Ennai kathirikkai,India,International,,,
Ragi mudhe,India,International,,,
Pesarattu,India,International,,,
Nandu omelette,India,International,,,
Paniyaram,India,International,,,
Chettinadu Chicken,India,International,,,
Amti,India,International,,,
Bajri no rotlo,India,International,,,
Barfi,India,International,,,
Basundi,India,International,,,
Bhakri,India,International,,,
Bombil fry,India,International,,,
Chaat,India,International,,,
Chakri,India,International,,,
Chevdo,India,International,,,
Cholafali,India,International,,,
Chorafali,India,International,,,
Copra paak,India,International,,,
Daal Dhokli,India,International,,,
Dahi vada,India,International,,,
Dalithoy,India,International,,,
Dhokla,India,International,,,
Doodhpak,India,International,,,
Dudhi no halwo,India,International,,,
Dum aaloo,India,International,,,
Pohe,India,International,,,
Gajar halwo,India,International,,,
Gatta curry,India,International,,,
Ghari ,India,International,,,
Ghooghra,India,International,,,
Gud papdi ,India,International,,,
Gulab jamun,India,International,,,
Halvasan,India,International,,,
Handwo ,India,International,,,
Gur,India,International,,,
Jalebi,India,International,,,
Jeera Aloo,India,International,,,
Juvar no rotlo,India,International,,,
Kansar,India,International,,,
Keri no ras,India,International,,,
Khakhra,India,International,,,
Khandvi,India,International,,,
Kombdi vade,India,International,,,
Koshimbir,India,International,,,
Laapsi,India,International,,,
Laddu,India,International,,,
Locha,India,International,,,
Malpua,India,International,,,
Methi na Gota,India,International,,,
Modak,India,International,,,
Mohanthal,India,International,,,
Muthiya,India,International,,,
Oondees,India,International,,,
Panipuri,India,International,,,
Patra,India,International,,,
Pav Bhaji,India,International,,,
Penda,India,International,,,
Pooran-poli,India,International,,,
Puri,India,International,,,
Puri Bhaji,India,International,,,
Rasya muthia,India,International,,,
Sabudana Khichadi,India,International,,,
Sev khamani,India,International,,,
Sev tameta,India,International,,,
Shakarpara,India,International,,,
Namakpara,India,International,,,
Shankarpali,India,International,,,
Shiro,India,International,,,
Shrikhand,India,International,,,
Sohan papdi,India,International,,,
Soonvali,India,International,,,
Sukhdi,India,International,,,
Surnoli,India,International,,,
Sutarfeni,India,International,,,
Thalipeeth,India,International,,,
Undhiyu,India,International,,,
Upmaa,India,International,,,
Vada pav,India,International,,,
Veg Kolhapuri,India,International,,,
Vindaloo,India,International,,,
Ghebar or Ghevar,India,International,,,
Lilva Kachori,India,International,,,
Maghaz,India,International,,,
Undhiyu,India,International,,,
Mag Dhokli,India,International,,,
Khichu,India,International,,,
Thepla,India,International,,,
Farsi Puri,India,International,,,
Khaman,India,International,,,
Turiya Patra Vatana sabji,India,International,,,
Mohan thaal,India,International,,,
Churma Ladoo,India,International,,,
Cheera Doi,India,International,,,
Dhup Pitha,India,International,,,
Gheela Pitha,India,International,,,
Hurum,India,International,,,
Khar,India,International,,,
Kumol Sawul,India,International,,,
Loskora ,India,International,,,
Luchi,India,International,,,
Malpua/Malpoa,India,International,,,
Momo,India,International,,,
Muri Naaru,India,International,,,
Pani Tenga,India,International,,,
Sunga Pitha,India,International,,,
Alu Pitika,India,International,,,
Masor tenga,India,International,,,
Bengena Pitika,India,International,,,
Bilahi Maas,India,International,,,
Black rice,India,International,,,
Bora Sawul,India,International,,,
Brown Rice,India,International,,,
Chhenagaja,India,International,,,
Chhenapoda,India,International,,,
Chingri malai curry,India,International,,,
Dal,India,International,,,
Goja,India,International,,,
Hando Guri,India,International,,,
Haq Maas,India,International,,,
Horioh Maas,India,International,,,
Ilish or Chingri Bhape,India,International,,,
Kabiraji,India,International,,,
Kharoli,India,International,,,
Khorisa,India,International,,,
Koldil Chicken,India,International,,,
Koldil Duck,India,International,,,
Konir Dom,India,International,,,
Lai Haq Maas,India,International,,,
Litti,India,International,,,
Maasor Tenga,India,International,,,
Machher Jhol,India,International,,,
Masor Koni,India,International,,,
Masor Petu,India,International,,,
Mishti Chholar Dal,India,International,,,
Mishti Doi,India,International,,,
Ou tenga Maas,India,International,,,
Pakhala,India,International,,,
Bhaji,India,International,,,
Pani Pitha,India,International,,,
Pantua,India,International,,,
Payokh,India,International,,,
Peda,India,International,,,
Prawn malai curry,India,International,,,
Red Rice,India,International,,,
Rice,India,International,,,
Rosgulla,India,International,,,
Sabzi ,India,International,,,
Shondesh,India,International,,,
Shukto,India,International,,,
Sunga Pork,India,International,,,
Tenga Doi,India,International,,,
Til Pitha,India,International,,,
Bruschetta,Italy,International,Bagna calda,,
Bresaola,Italy,International,Bresaola,,
Bagna calda,Italy,International,Bruschetta ,,
Capocollo,Italy,International,Capocollo,,
Crostini ,Italy,International,Crostini ,,
Culatello,Italy,International,Culatello,,
Insalata caprese,Italy,International,Insalata caprese,,
Mozzarelline fritte ,Italy,International,Mozzarelline fritte ,,
Nervetti ,Italy,International,Nervetti ,,
Salami,Italy,International,Salami,,
Strolghino,Italy,International,Strolghino,,
Tortano,Italy,International,Tortano,,
Vezione verro,Italy,International,Vezione verro,,
Minestrone,Italy,International,Minestrone,,
Acquacotta,Italy,International,Acquacotta,,
Agghiotta di lumache ,Italy,International,Agghiotta di lumache ,,
Agliata,Italy,International,Agliata,,
Agrodolce,Italy,International,Agrodolce,,
Bagna càuda,Italy,International,Bagna càuda,,
Garmugia,Italy,International,Garmugia,,
Ginestrata,Italy,International,Ginestrata,,
Grine sauce,Italy,International,Grine sauce,,
Maccu,Italy,International,Maccu,,
Sugo al Pomodoro,Italy,International,Sugo al Pomodoro,,
Minestrone,Italy,International,Minestrone,,
Ragù ,Italy,International,Ragù ,,
Risi e bisi,Italy,International,Risi e bisi,,
Sciusceddu,Italy,International,Sciusceddu,,
Stracciatella,Italy,International,Stracciatella,,
Boreto,Italy,International,Boreto,,
Fonduta,Italy,International,Fonduta,,
Bozza pratese,Italy,International,Bozza pratese,,
Casatiello,Italy,International,Casatiello,,
Focaccia,Italy,International,Focaccia,,
Calzone   ,Italy,International,Calzone   ,,
Pizza,Italy,International,Pizza,,
Agnolotti,Italy,International,Agnolotti,,
Chitarra,Italy,International,Chitarra,,
Conchiglie,Italy,International,Conchiglie,,
Ditalini,Italy,International,Ditalini,,
Eliche,Italy,International,Eliche,,
Garganelli,Italy,International,Garganelli,,
Gnocchi,Italy,International,Gnocchi,,
Orzo,Italy,International,Orzo,,
Ravioli  ,Italy,International,Ravioli  ,,
Spaghetti   ,Italy,International,Spaghetti   ,,
Vermicelli,Italy,International,Vermicelli,,
Ziti,Italy,International,Ziti,,
Lasagne,Italy,International,Lasagne,,
Ziti,Italy,International,Ziti,,
Risotto,Italy,International,Risotto,,
Sarde arraganate ,Italy,International,Sarde arraganate ,,
Sarde grigliate,Italy,International,Sarde grigliate,,
Sarde ripiene,Italy,International,Sarde ripiene,,
Sarde sfiziose panate,Italy,International,Sarde sfiziose panate,,
Sardele in saor,Italy,International,Sardele in saor,,
Sbroscia bolsenese,Italy,International,Sbroscia bolsenese,,
Scampi a zuppetta,Italy,International,Scampi a zuppetta,,
Scampi gratinati,Italy,International,Scampi gratinati,,
Seppie col nero alla veneziana,Italy,International,Seppie col nero alla veneziana,,
Seppie con i piselli,Italy,International,Seppie con i piselli,,
Seppie ripiene,Italy,International,Seppie ripiene,,
Seppioline in umido,Italy,International,Seppioline in umido,,
Sogliole alla mugnaia,Italy,International,Sogliole alla mugnaia,,
Spiedini ai frutti di mare,Italy,International,Spiedini ai frutti di mare,,
Spiedini di alici,Italy,International,Spiedini di alici,,
Spiedini di anguilla,Italy,International,Spiedini di anguilla,,
Stoccafisso alla genovese,Italy,International,Stoccafisso alla genovese,,
Stoccafisso alla ligure,Italy,International,Stoccafisso alla ligure,,
Tonno sott'olio,Italy,International,Tonno sott'olio,,
Tortiera di cozze,Italy,International,Tortiera di cozze,,
Totano imbottito,Italy,International,Totano imbottito,,
Triglie alla livornese,Italy,International,Triglie alla livornese,,
Zuppa di pesce,Italy,International,Zuppa di pesce,,
Rabbit cacciatore,Italy,International,Rabbit cacciatore,,
Cotoletta with potatoes,Italy,International,Cotoletta with potatoes,,
Abbacchio alla Cacciatora,Italy,International,Abbacchio alla Cacciatora,,
Abbacchio brodettato,Italy,International,Abbacchio brodettato,,
Bistecca Fiorentina ,Italy,International,Bistecca Fiorentina ,,
Braciole,Italy,International,Braciole,,
Braciolone,Italy,International,Braciolone,,
Bresaola,Italy,International,Bresaola,,
Brodo,Italy,International,Brodo,,
Capicollo,Italy,International,Capicollo,,
Carne al piatto,Italy,International,Carne al piatto,,
Carne Pizzaiola,Italy,International,Carne Pizzaiola,,
Cevapcici,Italy,International,Cevapcici,,
Ciabusco,Italy,International,Ciabusco,,
Coda alla vaccinara,Italy,International,Coda alla vaccinara,,
Cotechino friulano or Musèt,Italy,International,Cotechino friulano or Musèt,,
Cotechino Modena,Italy,International,Cotechino Modena,,
Cotoletta alla milanese,Italy,International,Cotoletta alla milanese,,
Cotoletta alla petroniana,Italy,International,Cotoletta alla petroniana,,
Fiorentina steak,Italy,International,Fiorentina steak,,
Culatello,Italy,International,Culatello,,
Goulash or gulash,Italy,International,Goulash or gulash,,
Guanciale ,Italy,International,Guanciale ,,
Lonza,Italy,International,Lonza,,
Mortadella,Italy,International,Mortadella,,
Oca ,Italy,International,Oca ,,
Osso buco,Italy,International,Osso buco,,
Pancetta ,Italy,International,Pancetta ,,
Pezzetti di cavallo,Italy,International,Pezzetti di cavallo,,
Porcaloca,Italy,International,Porcaloca,,
Prosciutto affumicato ,Italy,International,Prosciutto affumicato ,,
Prosciutto cotto ,Italy,International,Prosciutto cotto ,,
Prosciutto crudo,Italy,International,Prosciutto crudo,,
Prosciutto di Parma,Italy,International,Prosciutto di Parma,,
Prosciutto di San Daniele,Italy,International,Prosciutto di San Daniele,,
Rosticciana,Italy,International,Rosticciana,,
Salame,Italy,International,Salame,,
Saltimbocca alla Romana,Italy,International,Saltimbocca alla Romana,,
Soppressata,Italy,International,Soppressata,,
Spezzatino,Italy,International,Spezzatino,,
Speck Alto Adige PGI,Italy,International,Speck Alto Adige PGI,,
Speck friulano di Sauris,Italy,International,Speck friulano di Sauris,,
Stigghiola,Italy,International,Stigghiola,,
Trippa alla Romana,Italy,International,Trippa alla Romana,,
Veal Milanese,Italy,International,Veal Milanese,,
Violino Valtell,Italy,International,Violino Valtell,,
Vitello ,Italy,International,Vitello ,,
Pinzimonio,Italy,International,Pinzimonio,,
Asparagi bianchi e verdi ,Italy,International,Asparagi bianchi e verdi ,,
Caponata,Italy,International,Caponata,,
Carciofi alla Romana,Italy,International,Carciofi alla Romana,,
Crauti ,Italy,International,Crauti ,,
Peperonata,Italy,International,Peperonata,,
Pestât,Italy,International,Pestât,,
Phat Mama,Thailand,International,โจ๊ก,,
Khao kan chin,Thailand,International,ข้าวกั๊นจิ๊น,,
Khao kha mu,Thailand,International,ข้าวขาหมู,,
Khao khai chiao,Thailand,International,ข้าวไข่เจียว,,
Khao khluk kapi,Thailand,International,ข้าวคลุกกะปิ,,
Khao mok gai,Thailand,International,ข้าวหมกไก่,,
Khao mok nuea,Thailand,International,ข้าวหมกเนื้อ,,
Khao man gai,Thailand,International,ข้าวมันไก่,,
Khao mu krop,Thailand,International,ข้าวหมูกรอบ,,
Khao mu krop mu daeng,Thailand,International,ข้าวหมูกรอบหมูแดง,,
Khao na pet,Thailand,International,ข้าวหน้าเป็ด,,
Khao niao,Thailand,International,ข้าวเหนียว,,
Khao nuea op,Thailand,International,ข้าวเนื้ออบ,,
Khao phat,Thailand,International,ข้าวผัด,,
Khao phat amerikan,Thailand,International,ข้าวผัดอเมริกัน,,
Khao phat kaeng khiao wan,Thailand,International,ข้าวผัดแกงเขียวหวาน,,
Khao phat kaphrao mu,Thailand,International,ข้าวผัดกะเพราหมู,,
Khao phat namliap,Thailand,International,ข้าวผัดหนำเลี้ยบ,,
Khao phat nam phrik long ruea,Thailand,International,ข้าวผัดน้ำพริกลงเรือ,,
Khao phat nam phrik narok,Thailand,International,ข้าวผัดน้ำพริกนรก,,
Khao tom,Thailand,International,ข้าวต้ม,,
Khao tom kui,Thailand,International,ข้าวต้มกุ๊ย,,
Tod Mun Hua Plee,Thailand,International,ทอดมันหัวปลี,,
Bami haeng pet,Thailand,International,บะหมี่แห้งเป็ด,,
Bami mu daeng,Thailand,International,บะหมี่หมูแดง,,
Khanom chin kaeng khiao wan kai,Thailand,International,ขนมจีนแกงเขียวหวานไก่,,
Khanom chin nam ngiao,Thailand,International,ขนมจีนน้ำเงี้ยว,,
Khanom chin namya,Thailand,International,ขนมจีนน้ำยา,,
Khanom chin sao nam,Thailand,International,ขนมจีนซาวน้ำ,,
Khao soi,Thailand,International,ข้าวซอย,,
Khao soi Mae Sai,Thailand,International,ข้าวซอยแม่สาย,,
Khao soi nam na,Thailand,International,ข้าวซอยน้ำหน้า,,
Kuaichap,Thailand,International,กวยจั๊บ,,
Kuai-tiao nam,Thailand,International,ก๋วยเตี๋ยวน้ำ,,
Kuai-tiao nuea pueai,Thailand,International,ก๋วยเตี๋ยวเนื้อเปื่อย,,
Kuai-tiao phat khi mao,Thailand,International,ก๋วยเตี๋ยวผัดขี้เมา,,
Kuai-tiao rat na,Thailand,International,ก๋วยเตี๋ยวราดหน้า,,
Kuai-tiao ruea,Thailand,International,ก๋วยเตี๋ยวเรือ,,
Mi krop,Thailand,International,หมี่กรอบ,,
Chok,Thailand,International,ผัดมาม่า,,
Phat si-io,Thailand,International,ผัดซีอิ๊ว,,
Pad Thai,Thailand,International,ผัดไทย,,
Phat wun sen,Thailand,International,ผัดวุ้นเส้น,,
Sapaketti phat khi mao,Thailand,International,สปาเกตตีผัดขี้เมา,,
Tom yam boran,Thailand,International,ต้มยำโบราณ,,
Yentafo,Thailand,International,เย็นตาโฟ,,
Yum kanom jeen,Thailand,International,ยำขนมจีน,,
Chim chum,Thailand,International,จิ้มจุ่ม,,
Kaolao,Thailand,International,เกาเหลา,,
Mu kratha,Thailand,International,หมูกระทะ,,
Nam phrik kapi kap pla thu thot[6],Thailand,International,น้ำพริกกะปิกับปลาทูทอด,,
Pathongko,Thailand,International,ปาท่องโก๋,,
Suki,Thailand,International,สุกี้,,
Chin hum,Thailand,International,จิ๊นฮุ่ม,,
Chuchi pla kaphong,Thailand,International,ฉู่ฉี่ปลากะพง,,
Chuchi pla thu sot,Thailand,International,ฉู่ฉี่ปลาทูสด,,
Kaeng cha-om,Thailand,International,แกงชะอม,,
Kaeng fak sai kai,Thailand,International,แกงฟักใส่ไก่,,
Kaeng dok salae,Thailand,International,แกงดอกสะแล,,
Kaeng hangle,Thailand,International,แกงฮังเล,,
Kaeng het,Thailand,International,แกงเห็ด,,
Kaeng ho,Thailand,International,แกงโฮะ,,
Kaeng kari,Thailand,International,แกงกะหรี่,,
Kaeng khae,Thailand,International,แกงแค,,
Kaeng khanun,Thailand,International,แกงขนุน,,
Kaeng khiao wan,Thailand,International,แกงเขียวหวาน,,
Kaeng khilek,Thailand,International,แกงขี้เหล็ก,,
Kaeng khua,Thailand,International,แกงคั่ว,,
Kaeng khua mu bai chamuang,Thailand,International,แกงคั่วหมูใบชะมวง,,
Kaeng kradang,Thailand,International,แกงกระด้าง,,
Kaeng lueang,Thailand,International,แกงเหลือง,,
Kaeng matsaman,Thailand,International,แกงมัสมั่น,,
Kaeng om,Thailand,International,แกงอ่อม,,
Kaeng pa,Thailand,International,แกงป่า,,
Kaeng phak bung sai pla,Thailand,International,แกงผักบุ้งใส่ปลา,,
Kaeng phak kat cho kraduk mu,Thailand,International,แกงผักกาดจอกระดูกหมู,,
Kaeng phak lueat,Thailand,International,แกงผักเลือด,,
Kaeng phak siangda,Thailand,International,แกงผักเซียงดา,,
Kaeng phak wan pa,Thailand,International,แกงผักหวานป่า,,
Kaeng phanaeng,Thailand,International,แกงพะแนง,,
Kaeng phet,Thailand,International,แกงเผ็ด,,
Kaeng phet pet yang,Thailand,International,แกงเผ็ดเป็ดย่าง,,
Kaeng pli,Thailand,International,แกงปลี,,
Kaeng som,Thailand,International,แกงส้ม,,
Kaeng tai pla,Thailand,International,แกงไตปลา,,
Kaeng thepho,Thailand,International,แกงเทโพ,,
Kaeng tun,Thailand,International,แกงตูน,,
Kaeng yot maphrao on sai kai,Thailand,International,แกงยอดมะพร้าวอ่อนใส่ไก่,,
Kaeng yuak,Thailand,International,แกงหยวก,,
Khua kling,Thailand,International,คั่วกลิ้ง,,
Khua kraduk mu,Thailand,International,คั่วกระดูกหมู,,
Yam chin kai,Thailand,International,ยำจิ๊นไก่,,
Kaeng ranchuan,Thailand,International,แกงรัญจวน,,
Paella,Spain,International,"Zarangollo
Escalivada",,Murcia Catalonia
Arroz a la cubana,Spain,International,Arroz a la cubana,,Canary Islands
black paella,Spain,International,paella negro,,Valencian Community
Chicharrón ,Spain,International,Chicharrón ,,Andalusia
girella,Spain,International,girella,,Aragon
Cuchifritos,Spain,International,Cuchifritos,,Castilla-La Mancha
Escabeche,Spain,International,Escabeche,,Everywhere
"Fideuà
Fideuada",Spain,International,"Fideuà
Fideuada",,Valencian Community
Gachas,Spain,International,Gachas,,Andalusia
Gazpacho manchego,Spain,International,Gazpacho manchego,,Manchego cuisine
Merienda,Spain,International,Merienda,,Everywhere
"Zarangollo
Escalivada",Spain,International,Paella,,Valencia
Ropa vieja,Spain,International,Ropa vieja,,Canary Islands
"Pincho
pintxo",Spain,International,"Pincho
pintxo",,Basque Country and Navarre
Pa amb tomàquet,Spain,International,Pa amb tomàquet,,Catalonia
Coca,Spain,International,Coca,,Mediterranean cuisine
Empanada,Spain,International,Empanada,,Galicia
Hornazo,Spain,International,Hornazo,,Castile and León
Mollete,Spain,International,Mollete,,Andalusia
Polvorón,Spain,International,Polvorón,,Andalusia
Talau,Spain,International,Talau,,Basque
Ajoblanco,Spain,International,Ajoblanco,,Granada and Málaga 
"Cocido
Cocidos",Spain,International,"Cocido
Cocidos",,Madrid
Escudella,Spain,International,Escudella,,Catalonia
Caparrones,Spain,International,Caparrones,,
Fabada Asturiana,Spain,International,Fabada Asturiana,,Asturias
Gazpacho,Spain,International,Gazpacho,,Andalusia
"Marmitako
Marmita or Sorropotún",Spain,International,"Marmitako
Marmita or Sorropotún",,Basque and Cantabria
Olla podrida,Spain,International,Olla podrida,,
Ollada,Spain,International,Ollada,,Catalonia
Pipérade,Spain,International,Pipérade,,Basque
"Pisto
Pisto manchego",Spain,International,"Pisto
Pisto manchego",,Castilla-La Mancha
Salmorejo,Spain,International,Salmorejo,,
Aguachile,Mexico,International,Aguachile,,
Bolillos ,Mexico,International,Bolillos ,,
Burrito,Mexico,International,Burrito,,
Camote ,Mexico,International,Camote ,,
Cemitas sandwiches,Mexico,International,Cemitas sandwiches,,
Ceviche,Mexico,International,Ceviche,,
Chalupa,Mexico,International,Chalupa,,
Chicharrón,Mexico,International,Chicharrón,,
Chilaquiles,Mexico,International,Chilaquiles,,
Chilaquiles,Mexico,International,Chilaquiles,,
Chimichangas ,Mexico,International,Chimichangas ,,
Choriqueso,Mexico,International,Choriqueso,,
Chorizo,Mexico,International,Chorizo,,
Cochinita pibil,Mexico,International,Cochinita pibil,,
Cocido,Mexico,International,Cocido,,
Cóctel de camarón,Mexico,International,Cóctel de camarón,,
Corunda,Mexico,International,Corunda,,
Curtido,Mexico,International,Curtido,,
Elote,Mexico,International,Elote,,
Enchilada ,Mexico,International,Enchilada ,,
Enfrijoladas,Mexico,International,Enfrijoladas,,
Entomatadas,Mexico,International,Entomatadas,,
Fajitas,Mexico,International,Fajitas,,
Flautas,Mexico,International,Flautas,,
Frijoles charros,Mexico,International,Frijoles charros,,
Gorditas,Mexico,International,Gorditas,,
Gringas,Mexico,International,Gringas,,
Huauzontles,Mexico,International,Huauzontles,,
Huaraches,Mexico,International,Huaraches,,
Jicama,Mexico,International,Jicama,,
Jocoque,Mexico,International,Jocoque,,
Lentil soup ,Mexico,International,Lentil soup ,,
Longaniza,Mexico,International,Longaniza,,
Machaca,Mexico,International,Machaca,,
Memela,Mexico,International,Memela,,
Molotes,Mexico,International,Molotes,,
Menudo,Mexico,International,Menudo,,
Mixiotes,Mexico,International,Mixiotes,,
Mole de olla,Mexico,International,Mole de olla,,
Mole poblano,Mexico,International,Mole poblano,,
Molletes,Mexico,International,Molletes,,
Molotes,Mexico,International,Molotes,,
Moronga,Mexico,International,Moronga,,
Nachos,Mexico,International,Nachos,,
Pambazos,Mexico,International,Pambazos,,
Panucho,Mexico,International,Panucho,,
Papadzules,Mexico,International,Papadzules,,
Parilladas,Mexico,International,Parilladas,,
Pastel azteca,Mexico,International,Pastel azteca,,
Pejelagarto,Mexico,International,Pejelagarto,,
Picadillo,Mexico,International,Picadillo,,
Quesadillas,Mexico,International,Quesadillas,,
Rajas con crema,Mexico,International,Rajas con crema,,
Romeritos,Mexico,International,Romeritos,,
Salbutes,Mexico,International,Salbutes,,
Salsa,Mexico,International,Salsa,,
Sincronizadas,Mexico,International,Sincronizadas,,
Sopes,Mexico,International,Sopes,,
Sopa de albondiga ,Mexico,International,Sopa de albondiga ,,
Tacos,Mexico,International,Tacos,,
Tamales,Mexico,International,Tamales,,
Taquitos,Mexico,International,Taquitos,,
Tlacoyos,Mexico,International,Tlacoyos,,
Tlayudas,Mexico,International,Tlayudas,,
Tortillas,Mexico,International,Tortillas,,
Tostadas,Mexico,International,Tostadas,,
Totopo,Mexico,International,Totopo,,
Tripas,Mexico,International,Tripas,,
Yuca ,Mexico,International,Yuca ,,
Caldo de queso,Mexico,International,Caldo de queso,,
Queso de cuajo,Mexico,International,Queso de cuajo,,
Queso flameado,Mexico,International,Queso flameado,,
Huevos rancheros,Mexico,International,Huevos rancheros,,
Huevos divorciados,Mexico,International,Huevos divorciados,,
Huevos motuleños,Mexico,International,Huevos motuleños,,
Huevos rancheros,Mexico,International,Huevos rancheros,,
Bistec,Mexico,International,Bistec,,
Albóndigas,Mexico,International,Albóndigas,,
Aporreadillo,Mexico,International,Aporreadillo,,
Bistec,Mexico,International,Bistec,,
Carne asada,Mexico,International,Carne asada,,
Milanesas,Mexico,International,Milanesas,,
Cabrito,Mexico,International,Cabrito,,
Calabacitas con puerco,Mexico,International,Calabacitas con puerco,,
Carnitas,Mexico,International,Carnitas,,
Chilorio,Mexico,International,Chilorio,,
Chorizo,Mexico,International,Chorizo,,
Cochinita pibil,Mexico,International,Cochinita pibil,,
Poc Chuc,Mexico,International,Poc Chuc,,
Pollo asado,Mexico,International,Pollo asado,,
Pollo Encacahuatado,Mexico,International,Pollo Encacahuatado,,
Pollo motuleños,Mexico,International,Pollo motuleños,,
Pollo picado,Mexico,International,Pollo picado,,
Pollo rostizado,Mexico,International,Pollo rostizado,,
Ancas de Rana,Mexico,International,Ancas de Rana,,
Barbacoa,Mexico,International,Barbacoa,,
Birria ,Mexico,International,Birria ,,
Chapulines,Mexico,International,Chapulines,,
Pastel azteca,Mexico,International,Pastel azteca,,
Puntas,Mexico,International,Puntas,,
Chamoy,Mexico,International,Chamoy,,
Guacamole,Mexico,International,Guacamole,,
Mole blanco,Mexico,International,Mole blanco,,
Mole sauce,Mexico,International,Mole sauce,,
Mole verde,Mexico,International,Mole verde,,
Pipian ,Mexico,International,Pipian ,,
Salsa chipotle,Mexico,International,Salsa chipotle,,
Salsa verde,Mexico,International,Salsa verde,,
Arroz rojo,Mexico,International,Arroz rojo,,
Arroz a la tumbada ,Mexico,International,Arroz a la tumbada ,,
Arroz amarillo ,Mexico,International,Arroz amarillo ,,
Arroz con camarones ,Mexico,International,Arroz con camarones ,,
Arroz con huevo ,Mexico,International,Arroz con huevo ,,
Arroz con leche,Mexico,International,Arroz con leche,,
Arroz con lima ,Mexico,International,Arroz con lima ,,
Arroz con pollo ,Mexico,International,Arroz con pollo ,,
Arroz negro ,Mexico,International,Arroz negro ,,
Arroz poblano,Mexico,International,Arroz poblano,,
Arroz rojo ,Mexico,International,Arroz rojo ,,
Arroz verde ,Mexico,International,Arroz verde ,,
Morisqueta,Mexico,International,Morisqueta,,
Aguachile,Mexico,International,Aguachile,,
Camarones al Mojo de Ajo,Mexico,International,Camarones al Mojo de Ajo,,
Huachinango a la Veracruzana,Mexico,International,Huachinango a la Veracruzana,,
Caldo tlalpeño,Mexico,International,Caldo tlalpeño,,
Sopa de fideo,Mexico,International,Sopa de fideo,,
Birria,Mexico,International,Birria,,
caldo de pollo,Mexico,International,caldo de pollo,,
caldo de res,Mexico,International,caldo de res,,
caldo de queso,Mexico,International,caldo de queso,,
caldo de camaron shrimp soup,Mexico,International,caldo de camaron shrimp soup,,
carne en su jugo,Mexico,International,carne en su jugo,,
caldo de mariscos,Mexico,International,caldo de mariscos,,
caldo tlalpeño,Mexico,International,caldo tlalpeño,,
Chilpachole de jaiba,Mexico,International,Chilpachole de jaiba,,
Fideos ,Mexico,International,Fideos ,,
Menudo,Mexico,International,Menudo,,
Pozole,Mexico,International,Pozole,,
Sopa,Mexico,International,Sopa,,
Sopa Azteca,Mexico,International,Sopa Azteca,,
Sopa de fideo,Mexico,International,Sopa de fideo,,
Sopa de lima,Mexico,International,Sopa de lima,,
Sopa de nueces,Mexico,International,Sopa de nueces,,
Sopa de pescado siete mares,Mexico,International,Sopa de pescado siete mares,,
Sopa de pollo ,Mexico,International,Sopa de pollo ,,
Sopa de tortilla ,Mexico,International,Sopa de tortilla ,,
Sopa tarasca,Mexico,International,Sopa tarasca,,
Chiles en nogada,Mexico,International,Chiles en nogada,,
Chile relleno,Mexico,International,Chile relleno,,
Chiles en nogada,Mexico,International,Chiles en nogada,,
Cuitlacoche,Mexico,International,Cuitlacoche,,
Nopalitos,Mexico,International,Nopalitos,,
Pico de gallo,Mexico,International,Pico de gallo,,
Samosa,Ethiopia,International,,,
Ensete ,Ethiopia,International,,,
Teff ,Ethiopia,International,,,
Fir-fir ,Ethiopia,International,,,
Tihlo ,Ethiopia,International,,,
Gored gored ,Ethiopia,International,,,
Guizotia abyssinica ,Ethiopia,International,,,
Himbasha,Ethiopia,International,,,
Injera ,Ethiopia,International,,,
Kittaa,Ethiopia,International,,,
Kitfo,Ethiopia,International,,,
Niter kibbeh ,Ethiopia,International,,,
Rhamnus prinoides,Ethiopia,International,,,
Dabo Kolo,Ethiopia,International,,,
Shahan ful,Ethiopia,International,,,
Shiro ,Ethiopia,International,,,
Wat,Ethiopia,International,,,
Ceviche,Ecuador,International,,,
Alfajor,Ecuador,International,,,
Chaulafan,Ecuador,International,,,
Chifle,Ecuador,International,,,
Chugchucaras ,Ecuador,International,,,
Churrasco,Ecuador,International,,,
Churro,Ecuador,International,,,
Dulce de Leche,Ecuador,International,,,
Come y Bebe ,Ecuador,International,,,
Ecuador maize varieties ,Ecuador,International,,,
Empanadas de Platano,Ecuador,International,,,
Encebollado ,Ecuador,International,,,
Escabeche,Ecuador,International,,,
Fanesca,Ecuador,International,,,
Fritada,Ecuador,International,,,
Guatitas,Ecuador,International,,,
Guinea pig,Ecuador,International,,,
Hornado,Ecuador,International,,,
Humita,Ecuador,International,,,
Ilex guayusa,Ecuador,International,,,
Llapingacho,Ecuador,International,,,
Locro,Ecuador,International,,,
Mote,Ecuador,International,,,
Panela ,Ecuador,International,,,
Plantain soup ,Ecuador,International,,,
Roscas,Ecuador,International,,,
Sancocho,Ecuador,International,,,
Sango de Platano Verde,Ecuador,International,,,
Salchipapas,Ecuador,International,,,
Seco,Ecuador,International,,,
Sofrito ,Ecuador,International,,,
Lechon ,Ecuador,International,,,
Tacacho,Ecuador,International,,,
T'anta wawa,Ecuador,International,,,
Uchu Jacu,Ecuador,International,,,
Bulgogi,Korea,International,,,
Sinseollo,Korea,International,,,
Galbi,Korea,International,,,
Gujeolpan,Korea,International,,,
Galbi ,Korea,International,,,
Dak galbi ,Korea,International,,,
Samgyeopsal ,Korea,International,,,
Makchang gui ,Korea,International,,,
Gobchang gui ,Korea,International,,,
Saengseon gui ,Korea,International,,,
Seokhwa gui or jogae gui ,Korea,International,,,
Deodeok gui roots,Korea,International,,,
Beoseot gui ,Korea,International,,,
Gim gui or guun gim ,Korea,International,,,
Gored gored ,Korea,International,,,
Galbijjim with diced potato and carrots in ganjang sauce,Korea,International,,,
Andong jjimdak,Korea,International,,,
Agujjim ,Korea,International,,,
Jeonbokjjim ,Korea,International,,,
Gyeran jjim ,Korea,International,,,
Oijeon,Korea,International,,,
Hobakjeon ,Korea,International,,,
Dubujeon,Korea,International,,,
Sannakji or live octopus. Sannakji is served live and still moving on the plate.,Korea,International,,,
Yukhoe,Korea,International,,,
Sukhoe,Korea,International,,,
Ganghoe,Korea,International,,,
Bossam dish,Korea,International,,,
Bulgogi,Korea,International,,,
Galbi,Korea,International,,,
Gyeranppang,Korea,International,,,
Samgyeopsal,Korea,International,,,
Makchang,Korea,International,,,
Gobchang,Korea,International,,,
Bossam,Korea,International,,,
Bbolsal,Korea,International,,,
Hoe \hö\,Korea,International,,,
Sannakji or live octopus. Sannakji is served live and still moving on the plate.,Korea,International,,,
Namul,Korea,International,,,
Saengchae,Korea,International,,,
Oisaengchae ,Korea,International,,,
Doraji saengchae ,Korea,International,,,
Sukchae,Korea,International,,,
Kongnamul ,Korea,International,,,
Japchae ,Korea,International,,,
Tteokguk,Korea,International,,,
Samgyetang,Korea,International,,,
Sundubu jjigae,Korea,International,,,
Tteokguk soup,Korea,International,,,
Haejangguk,Korea,International,,,
Miyeok guk,Korea,International,,,
Manduguk,Korea,International,,,
Galbitang,Korea,International,,,
Oritang,Korea,International,,,
Samgyetang,Korea,International,,,
Maeuntang,Korea,International,,,
Daktoritang ,Korea,International,,,
Chueotang ground Loach soup,Korea,International,,,
Doenjang jjigae,Korea,International,,,
Cheonggukjang jjigae,Korea,International,,,
Gochujang jjigae,Korea,International,,,
Kimchi jjigae,Korea,International,,,
Kongbiji jjiage,Korea,International,,,
Sundubu jjigae,Korea,International,,,
Saeujeot jjigae ,Korea,International,,,
Saengseon jjigae,Korea,International,,,
Sinseollo,Korea,International,,,
Gopchang jeongol,Korea,International,,,
Boribap,Korea,International,,,
Nurungji,Korea,International,,,
Ogokbap (오곡밥,Korea,International,,,
Patbap,Korea,International,,,
Kongnamulbap,Korea,International,,,
Kimchi ,Korea,International,,,
Ggakdugi,Korea,International,,,
Kongnamul,Korea,International,,,
Chwinamul,Korea,International,,,
Shigeunchi,Korea,International,,,
Kohsarii,Korea,International,,,
Hobak Namul,Korea,International,,,
Kongjaban,Korea,International,,,
durub Namul,Korea,International,,,
sanmanul,Korea,International,,,
Mul Naengmyeon with Mandu,Korea,International,,,
Mul bibim guksu,Korea,International,,,
Naengmyeon Naengmyeon,Korea,International,,,
Japchae,Korea,International,,,
Jajangmyeon,Korea,International,,,
Kalguksu,Korea,International,,,
Sujebi ,Korea,International,,,
Makguksu,Korea,International,,,
Jaengban guksu ,Korea,International,,,
Bibim guksu,Korea,International,,,
Ramyeon,Korea,International,,,
Janchi guksu,Korea,International,,,
Geonjin guksu ,Korea,International,,,
Rice noodles,Vietnam,International,,,
Bánh hỏi,Vietnam,International,,,Bình Định Province
Phở,Vietnam,International,,,
Bánh tằm cà ri,Vietnam,International,,,Cà Mau
Bún bò Huế,Vietnam,International,,,Thừa Thiên
Bún chả cá,Vietnam,International,,,South Central Coast
Bún chả,Vietnam,International,,,Hanoi
Bún măng vịt,Vietnam,International,,,
Bún ốc,Vietnam,International,,,
Bún riêu,Vietnam,International,,,Red River Delta
Bún Thịt Nướng,Vietnam,International,,,
Cao lầu,Vietnam,International,,,Quảng Nam Province
Hủ tiếu,Vietnam,International,,,Southern Vietnam
Mì Quảng,Vietnam,International,,,Quảng Nam Province
Mì xào giòn,Vietnam,International,,,
Bánh canh,Vietnam,International,,,
"Rice vermicelli
bún",Vietnam,International,,,
Bánh bá trạng,Vietnam,International,,,
Bánh bao,Vietnam,International,,,
Bánh bột lọc,Vietnam,International,,,
Bánh bột lọc trần,Vietnam,International,,,
Bánh bột lọc lá,Vietnam,International,,,Thừa Thiên
Bánh cam,Vietnam,International,,,Southern Vietnam
Bánh ít,Vietnam,International,,,
Bánh ít trần,Vietnam,International,,,
Bánh khúc,Vietnam,International,,,
Bánh nậm,Vietnam,International,,,Thừa Thiên
Bánh phu thê,Vietnam,International,,,Bắc Ninh Province
Bánh phu thê bột bán,Vietnam,International,,,
Bánh rán,Vietnam,International,,,Northern Vietnam
Bánh tẻ,Vietnam,International,,,Hanoi
Bánh bèo,Vietnam,International,,,Quảng Bình Province
Bánh bột lọc,Vietnam,International,,,Huế
Bánh căn,Vietnam,International,,,Southern Vietnam
Bánh đúc,Vietnam,International,,,
Bánh khọt,Vietnam,International,,,Bà Rịa
Bánh mì,Vietnam,International,,,
Bánh rế,Vietnam,International,,,Bình Thuận Province
Bánh xèo,Vietnam,International,,,Southern Vietnam
Bánh cuốn,Vietnam,International,,,Hanoi
Bánh tôm,Vietnam,International,,,
Bánh tôm Hồ Tây,Vietnam,International,,,Hanoi
Bánh tráng,Vietnam,International,,,Central Vietnam
Bánh ướt,Vietnam,International,,,Khánh Hòa Province
Cha gio or Nem ran,Vietnam,International,,,Saigon
Gỏi cuốn,Vietnam,International,,,
Món cuốn,Vietnam,International,,,
"Popiah
bò bía",Vietnam,International,,,
"Trảng Bàng dew-wetted rice paper
bánh tráng phơi sương Trảng Bàng",Vietnam,International,,,Tây Ninh Province
"Bird's nest soup
súp yến sào",Vietnam,International,,,
Canh chua,Vietnam,International,,,Mekong Delta
Chạo tôm,Vietnam,International,,,Thừa Thiên
"Congee
cháo",Vietnam,International,,,
Lẩu,Vietnam,International,,,
Súp măng cua,Vietnam,International,,,
Thịt Kho Tàu,Vietnam,International,,,
"Balut
trứng vịt lộn or hột vịt lộn",Vietnam,International,,,
Bánh,Vietnam,International,,,
Bánh chưng,Vietnam,International,,,Northern Vietnam
Bánh đa,Vietnam,International,,,
Bánh gối,Vietnam,International,,,
Bánh lá,Vietnam,International,,,Huế
"Black pudding
dồi tiết' ",Vietnam,International,,,
Bò 7 món,Vietnam,International,,,Saigon
Cassava-based dishes,Vietnam,International,,,
Chả,Vietnam,International,,,
Cốm,Vietnam,International,,,Red River Delta
Cơm nắm,Vietnam,International,,,
Cơm tấm,Vietnam,International,,,
Giò lụa,Vietnam,International,,,
Bò Kho,Vietnam,International,,,
Lò trấu,Vietnam,International,,,
Nem chua,Vietnam,International,,,
Ô mai,Vietnam,International,,,
Ốc bươu nhồi thịt,Vietnam,International,,,
Rousong chà bông,Vietnam,International,,,
Thit Bo Cuon La Lot,Vietnam,International,,,
Tiết canh,Vietnam,International,,,
Xôi,Vietnam,International,,,
You tiao quẩy,Vietnam,International,,,
Achu,Cameroon,International,,,
Akara,Nigeria,International,,,
Ahriche,Morocco,International,,,
Edikang Ikong,Nigeria,International,,,
Amala,Nigeria,International,,,
Asida,North Africa,International,,,
Baba ghanoush,Levant,International,,,
Banga soup,Nigeria,International,,,
Peppermint Crisp,South Africa,International,,,
Bazeen,Libya,International,,,
Bichak,Morocco,International,,,
Biltong,Southern Africa,International,,,
Bar-One Cake,South Africa,International,,,
Boerewors,South Africa,International,,,
Boerewors-roll,South Africa,International,,,
Braaibroodjies,South Africa,International,,,
Brik,Tunisia,International,,,
Briouat,Morocco,International,,,
Bunny chow,South Africa,International,,,
Bobotie,South Africa,International,,,
Chakhchoukha,Tunisia,International,,,
Chermoula,North Africa,International,,,
Couscous,North Africa,International,,,
Korma,Zimbabwe,International,,,
Draw soup,Nigeria,International,,,
Droëwors,South Africa,International,,,
Duqqa,Egypt,International,,,
Echicha,Nigeria,International,,,
Ekwang,Cameroon,International,,,
Eru,Cameroon,International,,,
Feijoada,Southern Africa,International,,,
Fesikh,Egypt,International,,,
Fig roll,Egypt,International,,,
Fit-fit,Ethiopia,International,,,
Freekeh,Levant,International,,,
Frejon,Nigeria,International,,,
Frikkadel,Southern Africa,International,,,
Fufu,Ghana,International,,,
Ful medames,Egypt,International,,,
Funkaso,Nigeria,International,,,
Ga'at,Ethiopia,International,,,
Garri,Cameroon,International,,,
Gatsby Sandwich,South Africa,International,,,
Gored gored,Ethiopia,International,,,
Harira,Algeria,International,,,
Hawawshi,Egypt,International,,,
Hertzoggie,South Africa,International,,,
Himbasha,Ethiopia,International,,,
Injera,Ethiopia,International,,,
Iru,Nigeria,International,,,
Isi ewu,Nigeria,International,,,
Isidudu,Southern Africa,International,,,
Jaffle,South Africa,International,,,
Jollof rice,West Africa,International,,,
Kachumbari,East Africa,International,,,
Kelewele,Ghana,International,,,
Kenkey,Ghana,International,,,
Kitcha,Ethiopia,International,,,
Kitfo,Ethiopia,International,,,
Koeksister,South Africa,International,,,
Koki,Cameroon,International,,,
Konkonte,Ghana,International,,,
Kuli-kuli,Nigeria,International,,,
Kushari,Egypt,International,,,
Lablabi,Tunisia,International,,,
Makroudh,Tunisia,International,,,
Mala Mogodu,Southern Africa,International,,,
Malva pudding,Southern Africa,International,,,
Mandazi,East Africa,International,,,
Matbucha,Morocco,International,,,
Matoke,Uganda,International,,,
Mbongo Tchobi,Cameroon,International,,,
Méchoui,North Africa,International,,,
Melktert,South Africa,International,,,
Merguez,North Africa,International,,,
Mesfouf,Tunisia,International,,,
Mielie brood/Mealie bread,South Africa,International,,,
Moin moin,Nigeria,International,,,
Mrouzia,Morocco,International,,,
Msemen,Maghreb,International,,,
Mugoyo,Uganda,International,,,
Mulukhiyah,Egypt,International,,,
Ndolé,Cameroon,International,,,
Nshima,Central Africa,International,,,
Ogbono soup,Nigeria,International,,,
Ogi,Nigeria,International,,,
Owofibo,Nigeria,International,,,
Pampoenkoekies,South Africa,International,,,
Pap,Southern Africa,International,,,
Pap en Vleis,South Africa,International,,,
Pastilla,Algeria,International,,,
Chakalaka,South Africa,International,,,
Phutu,South Africa,International,,,
Potbrood,South Africa,International,,,
Potjiekos,Namibia,International,,,
Qatayef,Egypt,International,,,
Sadza,Zimbabwe,International,,,
Seswaa,Botswana,International,,,
Sfenj,North Africa,International,,,
Shahan ful,North Africa,International,,,
Shakshouka,Northwest Africa,International,,,
Shiro,Ethiopia,International,,,
Shish taouk,North Africa,International,,,
Skilpadjies,South Africa,International,,,
Sosatie,Botswana,International,,,
Suya,Nigeria,International,,,
Tabil,Tunisia,International,,,
Tahini,North Africa,International,,,
Tajine,North Africa,International,,,
Tapalapa bread,West Africa,International,,,
Thieboudienne,Senegal,International,,,
Tomato bredie,Namibia,International,,,
Torta de Gazpacho,Algeria,International,,,
Toum,Levant,International,,,
Ugali,African Great Lakes,International,,,
Umngqusho,Africa,International,,,
Usban,Libya,International,,,
Vetkoek,Southern Africa,International,,,
Wat,Ethiopia,International,,,
Waterblommetjiebredie,South Africa,International,,,
Yassa,Senegal,International,,,
